id,flesch_reading_ease_score
0,32.22
1,49.65
2,32.73
3,26.81
4,25.8
5,28.84
6,25.8
7,8.88
8,50.67
9,20.38
10,27.83
11,36.79
12,29.86
13,35.27
14,27.83
15,26.81
16,36.28
17,25.8
18,42.21
19,43.22
20,34.26
21,17.34
22,34.76
23,40.69
24,34.26
25,31.72
26,26.3
27,16.83
28,42.21
29,27.83
30,18.35
32,34.26
33,25.8
34,21.4
35,25.8
36,20.89
37,26.3
38,50.67
39,16.83
40,27.83
41,35.27
42,20.89
43,44.75
44,21.9
45,44.75
46,36.28
47,35.27
48,35.78
49,21.4
50,20.38
51,43.22
52,41.7
53,21.4
54,28.33
55,29.86
56,26.81
57,28.33
58,34.76
59,21.9
60,39.97
61,27.32
62,37.3
63,13.95
64,27.32
65,12.43
66,22.41
67,35.27
68,14.46
69,36.79
70,25.8
71,29.86
72,38.32
73,17.84
74,4.98
75,21.4
76,26.81
77,40.18
78,28.84
79,37.3
80,35.78
81,37.81
82,27.32
83,37.81
84,37.3
85,4.98
86,21.9
87,34.26
88,35.78
89,12.94
90,35.27
91,21.9
92,36.79
93,36.79
94,20.38
95,13.44
96,29.35
97,38.32
98,20.38
99,27.83
100,21.9
101,12.43
102,26.81
103,20.89
104,29.35
105,26.3
106,33.24
107,29.86
108,21.9
109,12.43
110,36.79
111,11.92
112,21.4
113,27.32
114,27.32
115,21.9
116,12.94
117,20.89
118,13.44
119,12.43
120,20.38
121,12.94
122,28.33
123,21.4
124,38.32
125,12.43
126,34.26
127,29.86
128,29.86
129,25.8
130,21.4
131,29.35
132,20.38
133,21.9
134,28.33
135,28.84
136,28.33
137,12.94
138,22.41
139,12.43
140,34.76
141,28.84
142,21.9
143,20.38
144,28.84
145,44.24
146,35.78
147,43.73
148,36.79
149,13.44
150,34.26
151,34.26
152,28.84
153,21.9
154,27.83
155,21.4
156,13.44
157,30.36
158,20.89
159,27.83
160,12.43
161,24.78
162,29.86
163,34.26
164,35.78
165,20.89
166,28.84
167,20.89
168,13.95
169,34.76
170,28.33
171,22.41
172,28.84
173,4.47
174,28.84
175,38.32
176,28.84
177,19.87
178,21.4
179,12.43
180,13.95
181,12.94
182,20.89
183,21.9
184,28.84
185,26.3
186,28.84
187,29.86
188,30.36
189,28.33
190,4.47
191,20.89
192,41.7
193,27.83
194,12.43
195,13.44
196,41.6
197,41.7
198,50.06
199,50.06
200,50.06
201,50.97
202,59.43
203,59.43
204,59.43
205,63.59
206,49.45
207,49.55
208,49.45
209,49.55
210,49.04
211,45.19
212,45.19
213,45.19
214,45.19
215,45.19
216,48.13
217,48.13
218,48.13
219,48.13
220,48.13
221,53.95
222,53.95
223,53.95
224,53.95
225,53.95
226,40.69
227,40.69
228,40.69
229,40.08
230,40.69
231,47.01
232,47.01
233,47.01
234,46.2
235,38.55
236,45.49
237,54.97
238,46.4
239,46.4
240,54.86
241,49.35
242,49.35
243,49.35
244,49.35
245,49.35
246,48.74
247,48.74
248,48.74
249,48.74
250,48.74
251,48.74
252,48.74
253,48.03
254,48.74
255,48.74
256,39.37
257,47.32
258,47.83
259,47.32
260,47.32
261,54.86
262,54.86
263,54.86
264,59.94
265,54.86
266,46.3
267,54.76
268,54.76
269,54.76
270,54.76
271,48.43
272,48.43
273,48.43
274,48.43
275,48.43
276,47.72
277,47.72
278,51.38
279,56.18
280,47.72
281,47.83
282,46.0
283,37.54
284,46.0
285,46.0
286,47.72
287,48.33
288,48.33
289,47.72
290,48.33
291,59.53
292,59.43
293,59.43
294,50.97
295,50.97
296,49.25
297,49.15
298,49.25
299,40.69
300,49.25
301,47.42
302,47.83
303,47.42
304,47.83
305,47.12
306,51.38
307,51.38
308,51.38
309,51.38
310,51.38
311,52.09
312,52.09
313,43.63
314,43.73
315,52.09
316,49.55
317,49.55
318,52.9
319,49.55
320,49.55
321,47.93
322,48.03
323,47.93
324,47.93
325,47.93
326,45.9
327,45.29
328,45.29
329,45.9
330,45.9
331,39.67
332,48.13
333,39.67
334,39.77
335,39.67
336,39.97
337,39.97
338,48.43
339,39.97
340,39.97
341,57.2
342,48.74
343,57.2
344,57.2
345,48.74
346,46.0
347,46.0
348,46.0
349,45.49
350,46.51
351,47.62
352,39.97
353,48.43
354,39.97
355,48.43
356,47.62
357,47.62
358,47.62
359,47.62
360,47.62
361,46.91
362,47.01
363,46.91
364,46.91
365,46.91
366,59.84
367,60.35
368,60.35
369,59.74
370,60.45
371,48.64
372,48.64
373,48.13
374,48.64
375,48.64
376,55.27
377,54.56
378,55.27
379,60.45
380,46.81
381,47.72
382,47.72
383,47.72
384,47.72
385,39.26
386,38.96
387,38.96
388,47.42
389,38.96
390,38.96
391,42.31
392,42.31
393,42.31
394,42.31
395,42.31
396,46.4
397,46.4
398,46.4
399,46.4
400,46.4
401,48.94
402,48.94
403,48.94
404,48.43
405,48.94
406,57.0
407,57.1
408,57.0
409,56.49
410,57.0
411,47.01
412,47.01
414,46.71
415,47.01
416,37.54
417,37.54
418,37.54
419,37.54
420,37.54
421,55.58
422,55.68
423,55.58
424,54.97
425,54.97
426,47.62
427,47.62
428,47.62
429,47.12
430,47.62
431,49.45
432,49.55
433,41.09
434,48.84
435,40.99
436,48.94
437,40.58
438,49.04
439,49.04
440,40.58
441,48.43
442,48.43
443,48.43
444,47.93
445,47.93
446,57.5
447,57.4
448,58.21
449,57.5
450,58.11
451,44.48
452,44.48
453,45.09
454,45.09
455,44.37
456,38.96
457,39.77
458,39.77
459,38.96
460,45.66
461,44.78
462,44.78
463,44.78
464,44.78
465,44.78
466,53.14
467,53.75
468,45.29
469,53.14
470,53.75
471,47.52
472,47.52
473,47.52
474,47.52
475,47.52
476,47.32
477,47.83
478,47.32
479,47.83
480,47.83
481,41.5
482,41.5
483,41.5
484,40.69
485,41.6
486,41.94
487,41.94
488,41.33
489,50.36
490,50.4
491,54.05
492,54.05
493,54.05
494,54.05
495,54.05
496,33.14
497,33.14
498,33.14
499,41.6
500,33.24
501,42.11
502,42.0
503,41.9
504,42.11
505,42.11
506,47.12
507,47.01
508,47.12
509,47.01
510,46.91
511,40.69
512,40.69
513,40.08
514,40.69
515,40.69
516,40.89
517,49.35
518,49.35
519,40.89
520,40.79
521,40.48
522,32.02
523,40.48
524,45.46
525,32.02
526,32.33
527,32.33
528,32.33
529,32.33
530,32.33
531,48.13
532,48.13
533,48.13
534,48.13
535,48.13
536,32.57
537,32.57
538,32.67
539,32.46
540,32.46
541,39.26
542,39.26
543,39.26
544,30.8
545,38.55
546,30.91
547,39.37
548,39.37
549,39.47
550,39.37
551,42.51
552,42.51
553,42.51
554,42.51
555,42.51
556,40.48
557,39.97
558,40.48
559,40.48
560,40.48
561,39.06
562,31.31
563,31.31
564,31.31
565,31.31
566,30.2
567,38.76
568,38.66
569,38.55
570,38.66
571,46.81
572,46.81
573,46.81
574,46.81
575,46.1
576,31.01
577,30.2
578,38.66
579,31.01
580,31.01
581,38.66
582,38.66
583,38.66
584,47.38
585,37.74
586,35.31
587,35.2
588,35.2
589,26.74
590,34.6
591,44.98
592,44.98
593,44.98
594,44.98
595,44.98
596,36.02
597,36.02
598,36.02
599,35.1
600,36.02
601,42.92
602,42.92
603,51.38
604,51.38
605,42.92
606,40.28
607,40.28
608,40.28
609,40.28
610,40.28
611,40.58
612,46.17
613,40.08
614,40.58
615,40.58
616,40.08
617,40.08
618,39.87
619,40.08
620,40.18
621,49.75
622,49.75
623,49.75
624,49.75
625,49.75
626,48.43
627,47.72
628,47.72
629,39.97
630,39.97
631,49.15
632,48.23
633,49.15
634,49.15
635,49.15
636,27.66
637,27.66
638,27.05
639,36.12
640,36.12
641,32.94
642,41.4
643,41.4
644,41.4
645,41.4
646,47.83
647,47.72
648,47.72
649,39.26
650,47.72
651,39.06
652,46.4
653,46.51
654,46.4
655,39.06
656,50.46
657,50.46
658,50.46
659,49.96
660,50.46
661,40.79
662,40.69
663,40.69
664,39.97
665,40.69
666,45.19
667,45.19
668,45.19
669,45.19
670,45.19
671,48.23
672,48.23
673,47.52
674,48.23
675,48.33
676,36.02
677,36.02
678,36.02
679,36.02
680,36.02
681,42.0
682,42.0
683,42.51
684,42.51
685,42.51
686,45.9
687,45.9
688,45.8
689,46.0
690,45.9
691,49.75
692,48.84
693,41.29
694,48.84
695,41.29
696,48.84
697,40.38
698,39.87
699,48.33
700,48.94
701,45.8
702,54.26
703,54.26
704,53.55
705,54.26
706,40.18
707,48.64
708,39.37
709,48.64
710,47.83
711,46.2
712,37.74
713,37.74
714,46.2
715,46.2
716,40.99
717,49.45
718,49.45
719,49.45
720,49.45
721,38.55
722,38.55
723,47.01
724,47.01
725,38.55
726,47.32
727,47.32
728,47.42
729,47.32
730,47.32
731,36.83
732,36.83
733,36.83
734,36.83
735,36.83
736,40.58
737,40.58
738,40.58
739,40.58
740,40.58
741,38.96
742,30.5
743,30.5
744,38.15
745,38.15
746,35.71
747,35.71
748,35.71
749,35.71
750,35.71
751,32.22
752,49.65
753,32.73
754,26.81
755,25.8
756,28.84
757,25.8
758,8.88
759,50.67
760,20.38
761,27.83
762,36.79
763,29.86
764,35.27
765,27.83
766,26.81
767,36.28
768,25.8
769,42.21
770,43.22
771,34.26
772,17.34
773,34.76
774,40.69
775,34.26
776,31.72
777,26.3
778,16.83
779,42.21
780,27.83
781,18.35
782,33.24
783,34.26
784,25.8
785,21.4
786,25.8
787,20.89
788,26.3
789,50.67
790,16.83
791,27.83
792,35.27
793,20.89
794,44.75
795,21.9
796,44.75
797,36.28
798,35.27
799,35.78
800,21.4
801,20.38
802,43.22
803,41.7
804,21.4
805,28.33
806,29.86
807,26.81
808,28.33
809,34.76
810,21.9
811,39.97
812,27.32
813,37.3
814,13.95
815,27.32
816,12.43
817,22.41
818,35.27
819,14.46
820,36.79
821,25.8
822,29.86
823,38.32
824,17.84
825,4.98
826,21.4
827,26.81
828,40.18
829,28.84
830,37.3
831,35.78
832,37.81
833,27.32
834,37.81
835,37.3
836,4.98
837,21.9
838,34.26
839,35.78
840,12.94
841,35.27
842,21.9
843,36.79
844,36.79
845,20.38
846,13.44
847,29.35
848,38.32
849,20.38
850,27.83
851,21.9
852,12.43
853,26.81
854,20.89
855,29.35
856,26.3
857,33.24
858,29.86
859,21.9
860,12.43
861,36.79
862,11.92
863,21.4
864,27.32
865,27.32
866,21.9
867,12.94
868,20.89
869,13.44
870,12.43
871,20.38
872,12.94
873,28.33
874,21.4
875,38.32
876,12.43
877,34.26
878,29.86
879,29.86
880,25.8
881,21.4
882,29.35
883,20.38
884,21.9
885,28.33
886,28.84
887,28.33
888,12.94
889,22.41
890,12.43
891,34.76
892,28.84
893,21.9
894,20.38
895,28.84
896,44.24
897,35.78
898,43.73
899,36.79
900,13.44
901,34.26
902,34.26
903,28.84
904,21.9
905,27.83
906,21.4
907,13.44
908,30.36
909,20.89
910,27.83
911,12.43
912,24.78
913,29.86
914,34.26
915,35.78
916,20.89
917,28.84
918,20.89
919,13.95
920,34.76
921,28.33
922,22.41
923,28.84
924,4.47
925,28.84
926,38.32
927,28.84
928,19.87
929,21.4
930,12.43
931,13.95
932,12.94
933,20.89
934,21.9
935,28.84
936,26.3
937,28.84
938,29.86
939,30.36
940,28.33
941,4.47
942,20.89
943,41.7
944,27.83
945,12.43
946,13.44
947,33.85
948,46.1
949,23.16
950,46.3
951,53.21
952,24.48
953,42.0
954,35.57
955,39.87
956,52.19
957,43.93
958,52.19
959,62.07
960,33.44
961,50.87
962,42.21
963,38.86
964,52.09
965,35.57
966,34.46
967,42.51
968,26.61
969,48.54
970,32.43
971,43.53
972,41.7
973,42.92
974,44.95
975,43.22
976,23.36
977,44.54
978,27.01
979,43.53
980,54.42
981,48.94
982,11.92
983,43.53
984,54.63
985,52.7
986,41.5
987,26.81
988,54.63
989,33.85
990,35.27
991,52.39
992,44.03
993,43.73
994,54.93
995,58.82
996,20.89
997,48.54
998,33.65
999,36.49
1000,44.24
1001,37.3
1002,54.42
1003,27.62
1004,53.0
1005,45.25
1006,24.98
1007,27.83
1008,24.98
1009,28.64
1010,61.16
1011,45.05
1012,52.49
1013,44.24
1014,44.75
1015,52.19
1016,49.96
1017,33.85
1018,45.25
1019,42.0
1020,52.9
1021,41.7
1022,36.59
1023,34.66
1024,29.65
1025,47.79
1026,44.95
1027,43.22
1028,44.03
1029,36.08
1030,31.62
1031,52.19
1032,27.62
1033,52.7
1034,42.51
1035,35.07
1036,34.05
1037,45.05
1038,26.81
1039,37.5
1040,41.9
1041,51.99
1042,50.36
1043,25.39
1044,41.4
1045,42.0
1046,33.44
1047,39.67
1048,44.24
1049,35.07
1050,35.17
1051,35.07
1052,41.09
1054,45.49
1055,17.94
1056,20.38
1057,36.59
1058,37.3
1059,42.11
1060,50.16
1061,27.52
1062,33.24
1063,26.3
